Company name,Bio,Industry,Industry Sectors,Key product & or services,Market positioning,Business model,Ownership,Similarity score
Hello Fresh,A pioneer in cutting-edge solutions,Food & Beverage,"Food production, E-commerce","Gourmet food delivery, Catering services",Affordable Solutions,Direct-to-Consumer (D2C),"Private, Family-owned",83
Blue Apron,A pioneer in cutting-edge solutions,Food & Beverage,"Logistics and supply chain, Food production","Gourmet food delivery, Meal kits",Convenience Service,Direct-to-Consumer (D2C),"Private, Family-owned",100
Green Chef,Dedicated to providing quality service,Food & Beverage,"Food production, E-commerce","Gourmet food delivery, Catering services",High-end Service,B2B,"Private, Private equity backed",79
Uber Eats,A pioneer in cutting-edge solutions,Food & Beverage,"E-commerce, Logistics and supply chain","Gourmet food delivery, Catering services",High-end Service,Direct-to-Consumer (D2C),Publicly traded,91
Doordash,Focused on sustainability and customer satisfaction,Food & Beverage,"Food production, Logistics and supply chain","Gourmet food delivery, Meal kits",Affordable Solutions,Subscription-Based Service,Publicly traded,86
Microsoft,Specializing in innovative and creative approaches,Technology,"Cloud services, Software development","SaaS, PaaS",Convenience Service,Subscription-Based Service,"Private, Private equity backed",70
Google,A leading innovator in its sector,Technology,"Software development, Cloud services","Custom software solutions, SaaS",High-end Service,Direct-to-Consumer (D2C),"Private, Family-owned",88
Apple,Focused on sustainability and customer satisfaction,Technology,"AI and machine learning, Cloud services","PaaS, Custom software solutions",Convenience Service,Subscription-Based Service,"Private, Family-owned",92
Amazon Web Services,A leading innovator in its sector,Technology,"Software development, Cloud services","SaaS, Custom software solutions",Affordable Solutions,B2B,Publicly traded,71
Netflix,Specializing in innovative and creative approaches,Technology,"Software development, AI and machine learning","PaaS, SaaS",High-end Service,B2B,"Private, Family-owned",87
Pfizer,Specializing in innovative and creative approaches,Healthcare,"Health tech, Pharmaceuticals","Prescription services, Surgical tools",Affordable Solutions,Direct-to-Consumer (D2C),"Private, Private equity backed",93
Johnson & Johnson,Dedicated to providing quality service,Healthcare,"Health tech, Pharmaceuticals","Health monitoring apps, Surgical tools",Affordable Solutions,Direct-to-Consumer (D2C),"Private, Family-owned",77
Medtronic,A pioneer in cutting-edge solutions,Healthcare,"Health tech, Medical devices","Prescription services, Surgical tools",Convenience Service,Direct-to-Consumer (D2C),Publicly traded,80
Novartis,Specializing in innovative and creative approaches,Healthcare,"Medical devices, Pharmaceuticals","Health monitoring apps, Prescription services",High-end Service,B2B,"Private, Private equity backed",92
GE Healthcare,Focused on sustainability and customer satisfaction,Healthcare,"Medical devices, Health tech","Surgical tools, Prescription services",Affordable Solutions,Direct-to-Consumer (D2C),Publicly traded,71
Coursera,Focused on sustainability and customer satisfaction,Education,"Online learning platforms, Publishing","Digital textbooks, Learning management systems",Affordable Solutions,Direct-to-Consumer (D2C),Publicly traded,70
Udemy,A pioneer in cutting-edge solutions,Education,"Online learning platforms, Publishing","Curriculum design, Learning management systems",High-end Service,Subscription-Based Service,Publicly traded,83
Khan Academy,Dedicated to providing quality service,Education,"EdTech, Online learning platforms","Curriculum design, Digital textbooks",Affordable Solutions,Subscription-Based Service,Publicly traded,99
Pearson,Focused on sustainability and customer satisfaction,Education,"Publishing, EdTech","Curriculum design, Learning management systems",Convenience Service,B2B,Publicly traded,74
Duolingo,Dedicated to providing quality service,Education,"EdTech, Publishing","Curriculum design, Digital textbooks",High-end Service,Subscription-Based Service,Publicly traded,80
Walmart,A pioneer in cutting-edge solutions,Retail,"Brick-and-mortar, Omnichannel retail","Fast delivery, Wide product selection",Convenience Service,Direct-to-Consumer (D2C),"Private, Private equity backed",93
Target,Specializing in innovative and creative approaches,Retail,"E-commerce, Brick-and-mortar","Personalized shopping experiences, Wide product selection",Affordable Solutions,Subscription-Based Service,"Private, Private equity backed",100
Costco,Focused on sustainability and customer satisfaction,Retail,"E-commerce, Omnichannel retail","Wide product selection, Personalized shopping experiences",Convenience Service,Subscription-Based Service,Publicly traded,91
Zara,A leading innovator in its sector,Retail,"Omnichannel retail, E-commerce","Fast delivery, Wide product selection",High-end Service,Subscription-Based Service,"Private, Family-owned",89
H&M,A leading innovator in its sector,Retail,"E-commerce, Brick-and-mortar","Personalized shopping experiences, Wide product selection",High-end Service,B2B,"Private, Family-owned",99
Hello Fresh,Dedicated to providing quality service,Food & Beverage,"Logistics and supply chain, E-commerce","Meal kits, Gourmet food delivery",Convenience Service,B2B,Publicly traded,97
Blue Apron,Specializing in innovative and creative approaches,Food & Beverage,"E-commerce, Food production","Catering services, Gourmet food delivery",Affordable Solutions,Direct-to-Consumer (D2C),"Private, Private equity backed",86
Green Chef,A pioneer in cutting-edge solutions,Food & Beverage,"E-commerce, Logistics and supply chain","Catering services, Meal kits",High-end Service,Direct-to-Consumer (D2C),"Private, Family-owned",98
Uber Eats,Dedicated to providing quality service,Food & Beverage,"Food production, E-commerce","Catering services, Meal kits",Affordable Solutions,B2B,"Private, Family-owned",78
Doordash,Specializing in innovative and creative approaches,Food & Beverage,"Food production, Logistics and supply chain","Catering services, Gourmet food delivery",Affordable Solutions,B2B,Publicly traded,80
Microsoft,Focused on sustainability and customer satisfaction,Technology,"Software development, Cloud services","PaaS, SaaS",High-end Service,B2B,"Private, Family-owned",91
Google,Dedicated to providing quality service,Technology,"Cloud services, Software development","PaaS, Custom software solutions",Convenience Service,Direct-to-Consumer (D2C),"Private, Private equity backed",81
Apple,A pioneer in cutting-edge solutions,Technology,"Cloud services, AI and machine learning","Custom software solutions, PaaS",Affordable Solutions,Subscription-Based Service,"Private, Family-owned",100
Amazon Web Services,Focused on sustainability and customer satisfaction,Technology,"Software development, AI and machine learning","Custom software solutions, PaaS",High-end Service,B2B,"Private, Private equity backed",92
Netflix,Dedicated to providing quality service,Technology,"AI and machine learning, Cloud services","PaaS, SaaS",Convenience Service,Direct-to-Consumer (D2C),"Private, Private equity backed",82
Pfizer,Focused on sustainability and customer satisfaction,Healthcare,"Health tech, Pharmaceuticals","Surgical tools, Prescription services",High-end Service,B2B,"Private, Family-owned",80
Johnson & Johnson,A pioneer in cutting-edge solutions,Healthcare,"Pharmaceuticals, Health tech","Surgical tools, Prescription services",High-end Service,Subscription-Based Service,"Private, Private equity backed",93
Medtronic,Focused on sustainability and customer satisfaction,Healthcare,"Health tech, Medical devices","Prescription services, Health monitoring apps",Convenience Service,Subscription-Based Service,"Private, Family-owned",85
Novartis,A pioneer in cutting-edge solutions,Healthcare,"Pharmaceuticals, Health tech","Health monitoring apps, Prescription services",High-end Service,Subscription-Based Service,Publicly traded,75
GE Healthcare,A pioneer in cutting-edge solutions,Healthcare,"Medical devices, Pharmaceuticals","Surgical tools, Health monitoring apps",Convenience Service,B2B,Publicly traded,92
Coursera,Focused on sustainability and customer satisfaction,Education,"Publishing, Online learning platforms","Learning management systems, Digital textbooks",Affordable Solutions,Direct-to-Consumer (D2C),Publicly traded,85
Udemy,Dedicated to providing quality service,Education,"Online learning platforms, EdTech","Learning management systems, Curriculum design",High-end Service,Subscription-Based Service,"Private, Private equity backed",82
Khan Academy,Dedicated to providing quality service,Education,"EdTech, Publishing","Learning management systems, Digital textbooks",Affordable Solutions,Direct-to-Consumer (D2C),"Private, Private equity backed",77
Pearson,A leading innovator in its sector,Education,"Publishing, Online learning platforms","Digital textbooks, Learning management systems",Affordable Solutions,Direct-to-Consumer (D2C),Publicly traded,99
Duolingo,Dedicated to providing quality service,Education,"Online learning platforms, Publishing","Curriculum design, Learning management systems",Affordable Solutions,B2B,"Private, Private equity backed",100
Walmart,Focused on sustainability and customer satisfaction,Retail,"Omnichannel retail, E-commerce","Fast delivery, Personalized shopping experiences",Convenience Service,Subscription-Based Service,"Private, Private equity backed",87
Target,A leading innovator in its sector,Retail,"E-commerce, Omnichannel retail","Fast delivery, Wide product selection",Affordable Solutions,B2B,Publicly traded,79
Costco,A leading innovator in its sector,Retail,"E-commerce, Brick-and-mortar","Wide product selection, Fast delivery",Affordable Solutions,Direct-to-Consumer (D2C),"Private, Private equity backed",91
Zara,Focused on sustainability and customer satisfaction,Retail,"Brick-and-mortar, E-commerce","Fast delivery, Personalized shopping experiences",Affordable Solutions,Subscription-Based Service,"Private, Family-owned",74
H&M,A pioneer in cutting-edge solutions,Retail,"E-commerce, Omnichannel retail","Personalized shopping experiences, Wide product selection",High-end Service,B2B,"Private, Family-owned",96
